{"cameraMode":{"drawMode":0,"name":"Shaded","section":"Shading Mode"},"sceneLighting":false,"audioPlay":false,"sceneViewState":{"showFog":true,"showMaterialUpdate":false,"showSkybox":false,"showFlares":true,"showImageEffects":true,"showParticleSystems":true},"in2DMode":false,"pivot":{"x":-8.510108947753907,"y":2.1690728664398195,"z":6.176490306854248},"rotation":{"x":-0.17298786342144013,"y":0.7851549386978149,"z":-0.25220850110054018,"w":-0.5385358929634094},"size":0.1470932960510254,"orthographic":false}