{"cameraMode":{"drawMode":0,"name":"Shaded","section":"Shading Mode"},"sceneLighting":true,"audioPlay":false,"sceneViewState":{"showFog":true,"showMaterialUpdate":false,"showSkybox":true,"showFlares":true,"showImageEffects":true,"showParticleSystems":true},"in2DMode":false,"pivot":{"x":22.67748260498047,"y":129.92678833007813,"z":39.0333251953125},"rotation":{"x":-0.08329460769891739,"y":-0.0128622530028224,"z":0.0010757461423054338,"w":-0.996444821357727},"size":97.81883239746094,"orthographic":false}